{"onboarding":{"$contentActions":[{"input":{"bypass":false,"$cardContent":{"document":{"id":"4c26ea15-da3c-4adc-a415-28dd45a63431","type":"text/plain","content":"Entrada do usuário"},"editable":false,"deletable":false,"position":"right"},"$invalid":false},"$invalid":false,"$$hashKey":"object:3450"}],"$conditionOutputs":[{"stateId":"welcome","conditions":[{"source":"input","comparison":"matches","values":[".*"],"$$hashKey":"object:3492"}],"$connId":"con_3","$invalid":false,"$$hashKey":"object:3473"}],"$enteringCustomActions":[],"$leavingCustomActions":[],"$inputSuggestions":[],"$tags":[],"$defaultOutput":{"stateId":"fallback","$invalid":false},"id":"onboarding","root":true,"$position":{"top":"69px","left":"491px"},"$title":"Início","$invalidContentActions":false,"$invalidOutputs":false,"$invalidCustomActions":false,"$invalid":false},"fallback":{"$contentActions":[{"input":{"bypass":true,"$cardContent":{"document":{"id":"f1e04d2b-3b60-4732-9b93-de7e2c9123ef","type":"text/plain","content":"Entrada do usuário"},"editable":false,"deletable":true,"position":"right"},"$invalid":false},"$invalid":false,"$$hashKey":"object:6543"}],"$conditionOutputs":[{"stateId":"75dacf67-7595-4b9d-bdef-8c7994c65f19","$connId":"con_8","conditions":[{"source":"intent","comparison":"equals","values":["Endereço"],"$$hashKey":"object:3758"}],"$invalid":false,"$$hashKey":"object:3700"},{"stateId":"2d9295c9-d4bc-4d81-a7c2-f92cbc21478a","$connId":"con_13","conditions":[{"source":"intent","comparison":"equals","values":["PedirAjuda"],"$$hashKey":"object:3779"}],"$invalid":false,"$$hashKey":"object:3701"},{"stateId":"ffca7474-ccb3-4fda-928f-ceddfdbee4ab","$connId":"con_18","conditions":[{"source":"intent","comparison":"equals","values":["VerColeção"],"$$hashKey":"object:3800"}],"$invalid":false,"$$hashKey":"object:3702"},{"stateId":"10727087-422e-4a09-8fbf-2d201f7c94dd","$connId":"con_23","conditions":[{"source":"intent","comparison":"equals","values":["Reclamar"],"$$hashKey":"object:3821"}],"$invalid":false,"$$hashKey":"object:3703"},{"stateId":"e59dc865-a76d-463b-a1ef-706ced2d6476","$connId":"con_28","conditions":[{"source":"intent","comparison":"equals","values":["Promoção"],"$$hashKey":"object:3842"}],"$invalid":false,"$$hashKey":"object:3704"},{"stateId":"c8b36661-bf34-4f71-92d7-eab76a84a804","$connId":"con_33","conditions":[{"source":"intent","comparison":"equals","values":["FazerTroca"],"$$hashKey":"object:3863"}],"$invalid":false,"$$hashKey":"object:3705"},{"stateId":"error","conditions":[{"source":"input","comparison":"exists","values":[],"$$hashKey":"object:6583"}],"$connId":"con_38","$invalid":false,"$$hashKey":"object:6564"}],"$enteringCustomActions":[],"$leavingCustomActions":[],"$inputSuggestions":[],"$tags":[],"$defaultOutput":{"stateId":"onboarding","$invalid":false},"id":"fallback","$position":{"top":"394px","left":"656px"},"$title":"Exceções","$invalidContentActions":false,"$invalidOutputs":false,"$invalidCustomActions":false,"$invalid":false},"welcome":{"$contentActions":[{"action":{"type":"SendMessage","settings":{"id":"00000000-0000-0000-0000-000000000000","type":"application/vnd.lime.chatstate+json","content":{"state":"composing","interval":1000}},"$cardContent":{"document":{"id":"00000000-0000-0000-0000-000000000000","type":"application/vnd.lime.chatstate+json","content":{"state":"composing","interval":1000}},"editable":true,"deletable":true,"position":"left"}},"$invalid":false,"$$hashKey":"object:1956"},{"action":{"type":"SendMessage","settings":{"id":"00000000-0000-0000-0000-000000000001","type":"text/plain","content":"Olá! {{contact.name}}!\nSeja bem-vindo(a)!"},"$cardContent":{"document":{"id":"00000000-0000-0000-0000-000000000001","type":"text/plain","content":"Olá! {{contact.name}}!\nSeja bem-vindo(a)!"},"editable":true,"deletable":true,"position":"left"}},"$invalid":false,"$$hashKey":"object:1957"},{"action":{"type":"SendMessage","settings":{"id":"7719713f-d797-47ca-bd01-6ad4b3580b3c","type":"application/vnd.lime.chatstate+json","content":{"state":"composing","interval":1000}},"$cardContent":{"document":{"id":"7719713f-d797-47ca-bd01-6ad4b3580b3c","type":"application/vnd.lime.chatstate+json","content":{"state":"composing","interval":1000}},"editable":true,"deletable":true,"position":"left"}},"$invalid":false,"$$hashKey":"object:3726"},{"action":{"type":"SendMessage","settings":{"id":"eb1e96de-e144-4ef6-868c-9814ed1e7994","type":"text/plain","content":"Sou seu assistente pessoal para a Loja Virtual. Posso te ajudar a encontrar diversas informações."},"$cardContent":{"document":{"id":"eb1e96de-e144-4ef6-868c-9814ed1e7994","type":"text/plain","content":"Sou seu assistente pessoal para a Loja Virtual. Posso te ajudar a encontrar diversas informações."},"editable":true,"deletable":true,"position":"left"}},"$invalid":false,"$$hashKey":"object:3727"},{"action":{"type":"SendMessage","settings":{"id":"df6175eb-4271-4e58-b3ce-b41a8f4374c3","type":"application/vnd.lime.chatstate+json","content":{"state":"composing","interval":1000}},"$cardContent":{"document":{"id":"df6175eb-4271-4e58-b3ce-b41a8f4374c3","type":"application/vnd.lime.chatstate+json","content":{"state":"composing","interval":1000}},"editable":true,"deletable":true,"position":"left"}},"$invalid":false,"$$hashKey":"object:3143"},{"action":{"type":"SendMessage","settings":{"id":"dd7b2d3f-5ee2-4aff-ad58-b484c43fea3b","type":"application/vnd.lime.select+json","content":{"text":"O que deseja?","scope":"immediate","options":[{"text":"Ver promoções","previewText":"Ver promoções","value":null,"index":0,"type":null},{"text":"Política de trocas","previewText":"Política de trocas","value":null,"index":1,"type":null},{"index":-1,"text":"Coleção atual","previewText":"Coleção atual","type":null,"value":null},{"index":-1,"text":"Endereço loja física","previewText":"Endereço loja física","type":null,"value":null}]}},"$cardContent":{"document":{"id":"dd7b2d3f-5ee2-4aff-ad58-b484c43fea3b","type":"application/vnd.lime.select+json","content":{"text":"O que deseja?","scope":"immediate","options":[{"text":"Ver promoções","previewText":"Ver promoções","value":null,"index":0,"type":null},{"text":"Política de trocas","previewText":"Política de trocas","value":null,"index":1,"type":null},{"index":-1,"text":"Coleção atual","previewText":"Coleção atual","type":null,"value":null},{"index":-1,"text":"Endereço loja física","previewText":"Endereço loja física","type":null,"value":null}]}},"editable":true,"deletable":true,"position":"left"}},"$invalid":false,"$$hashKey":"object:3144"},{"input":{"bypass":false,"$cardContent":{"document":{"id":"c6df1171-a3e9-4957-b549-5519d7ededf6","type":"text/plain","content":"Entrada do usuário"},"editable":false,"deletable":true,"position":"right"},"$invalid":false},"$invalid":false,"$$hashKey":"object:1958"}],"$conditionOutputs":[],"$enteringCustomActions":[],"$leavingCustomActions":[],"$inputSuggestions":["Ver promoções","Política de trocas","Coleção atual","Endereço loja física"],"$tags":[],"$defaultOutput":{"stateId":"fallback","$invalid":false},"id":"welcome","$position":{"top":"69px","left":"712px"},"$title":"Boas vindas","$invalidContentActions":false,"$invalidOutputs":false,"$invalidCustomActions":false,"$invalid":false},"error":{"$contentActions":[{"action":{"type":"SendMessage","settings":{"id":"00000000-0000-0000-0000-000000000002","type":"application/vnd.lime.chatstate+json","content":{"state":"composing","interval":1000}},"$cardContent":{"document":{"id":"00000000-0000-0000-0000-000000000002","type":"application/vnd.lime.chatstate+json","content":{"state":"composing","interval":1000}},"editable":true,"deletable":true,"position":"left"}},"$invalid":false,"$$hashKey":"object:6165"},{"action":{"type":"SendMessage","settings":{"id":"00000000-0000-0000-0000-000000000003","type":"text/plain","content":"Desculpe, não consegui entender!"},"$cardContent":{"document":{"id":"00000000-0000-0000-0000-000000000003","type":"text/plain","content":"Desculpe, não consegui entender!"},"editable":true,"deletable":true,"position":"left"}},"$invalid":false,"$$hashKey":"object:6166"},{"input":{"bypass":true,"$cardContent":{"document":{"id":"2d99a41a-44ef-45d3-96fd-d3aa93acc2a8","type":"text/plain","content":"Entrada do usuário"},"editable":false,"deletable":true,"position":"right"},"$invalid":false},"$invalid":false,"$$hashKey":"object:6167"}],"$conditionOutputs":[],"$enteringCustomActions":[],"$leavingCustomActions":[],"$inputSuggestions":[],"$tags":[],"$defaultOutput":{"stateId":"onboarding","$invalid":false},"id":"error","$position":{"top":"406px","left":"960px"},"$title":"Erro padrão","$invalidContentActions":false,"$invalidOutputs":false,"$invalidCustomActions":false,"$invalid":false},"75dacf67-7595-4b9d-bdef-8c7994c65f19":{"$contentActions":[{"action":{"type":"SendMessage","settings":{"id":"952f6595-e225-4e30-9b33-ff01bf3219c1","type":"application/vnd.lime.chatstate+json","content":{"state":"composing","interval":1000}},"$cardContent":{"document":{"id":"952f6595-e225-4e30-9b33-ff01bf3219c1","type":"application/vnd.lime.chatstate+json","content":{"state":"composing","interval":1000}},"editable":true,"deletable":true,"position":"left"}},"$invalid":false,"$$hashKey":"object:7989"},{"action":{"type":"SendMessage","settings":{"id":"ba1ed0b8-8f92-4a50-b355-83b786252dae","type":"text/plain","content":"Veja o endereço de nossa loja física no mapa abaixo."},"$cardContent":{"document":{"id":"ba1ed0b8-8f92-4a50-b355-83b786252dae","type":"text/plain","content":"Veja o endereço de nossa loja física no mapa abaixo."},"editable":true,"deletable":true,"position":"left"}},"$invalid":false,"$$hashKey":"object:7990"},{"action":{"type":"SendMessage","settings":{"id":"fcfe570f-4625-4863-bafe-8fbc39ec3ad6","type":"application/vnd.lime.chatstate+json","content":{"state":"composing","interval":1000}},"$cardContent":{"document":{"id":"fcfe570f-4625-4863-bafe-8fbc39ec3ad6","type":"application/vnd.lime.chatstate+json","content":{"state":"composing","interval":1000}},"editable":true,"deletable":true,"position":"left"}},"$invalid":false,"$$hashKey":"object:8461"},{"action":{"type":"SendMessage","settings":{"id":"a78e461a-38c7-4338-aa77-d8cd9d94c943","type":"application/vnd.lime.location+json","content":{"latitude":-19.918899,"longitude":-43.959275,"altitude":853,"text":"Loja de roupas"}},"$cardContent":{"document":{"id":"a78e461a-38c7-4338-aa77-d8cd9d94c943","type":"application/vnd.lime.location+json","content":{"latitude":-19.918899,"longitude":-43.959275,"altitude":853,"text":"Loja de roupas"}},"editable":true,"deletable":true,"position":"left"}},"$invalid":false,"$$hashKey":"object:7753"},{"input":{"bypass":false,"$cardContent":{"document":{"id":"b0c2e523-d399-400a-be6b-0c690eac70e3","type":"text/plain","textContent":"Entrada do usuário","content":"Entrada do usuário"},"editable":false,"deletable":true,"position":"right"},"$invalid":false},"$$hashKey":"object:2072","$invalid":false}],"$conditionOutputs":[],"$enteringCustomActions":[],"$leavingCustomActions":[],"$inputSuggestions":[],"$tags":[],"$defaultOutput":{"stateId":"fallback","$invalid":false},"id":"75dacf67-7595-4b9d-bdef-8c7994c65f19","root":false,"$title":"Endereço das lojas","$position":{"top":"521px","left":"656px"},"$invalidContentActions":false,"$invalidOutputs":false,"$invalidCustomActions":false,"$invalid":false},"c8b36661-bf34-4f71-92d7-eab76a84a804":{"$contentActions":[{"action":{"type":"SendMessage","settings":{"id":"386943f8-12c8-4024-a5ae-ac44b774041c","type":"application/vnd.lime.chatstate+json","content":{"state":"composing","interval":1000}},"$cardContent":{"document":{"id":"386943f8-12c8-4024-a5ae-ac44b774041c","type":"application/vnd.lime.chatstate+json","content":{"state":"composing","interval":1000}},"editable":true,"deletable":true,"position":"left"}},"$invalid":false,"$$hashKey":"object:7258"},{"action":{"type":"SendMessage","settings":{"id":"436b33d7-3e1f-40ac-b1c3-e5b7881c14ac","type":"text/plain","content":"Você pode trocar qualquer peça com a nota fiscal em até 30 dias. Obs.: A peça deve estar etiquetada!"},"$cardContent":{"document":{"id":"436b33d7-3e1f-40ac-b1c3-e5b7881c14ac","type":"text/plain","content":"Você pode trocar qualquer peça com a nota fiscal em até 30 dias. Obs.: A peça deve estar etiquetada!"},"editable":true,"deletable":true,"position":"left"}},"$invalid":false,"$$hashKey":"object:7259"},{"action":{"type":"SendMessage","settings":{"id":"e0a0a17e-9450-4313-8aab-5c08400f31a3","type":"application/vnd.lime.chatstate+json","content":{"state":"composing","interval":1000}},"$cardContent":{"document":{"id":"e0a0a17e-9450-4313-8aab-5c08400f31a3","type":"application/vnd.lime.chatstate+json","content":{"state":"composing","interval":1000}},"editable":true,"deletable":true,"position":"left"}},"$invalid":false,"$$hashKey":"object:9893"},{"action":{"type":"SendMessage","settings":{"id":"8e813e78-5e7d-48e4-a9f3-6eadc352be0f","type":"text/plain","content":"{{input.entity.Produto.value}}\n\n{{input.entity.Tamanho.value}}"},"$cardContent":{"document":{"id":"8e813e78-5e7d-48e4-a9f3-6eadc352be0f","type":"text/plain","content":"{{input.entity.Produto.value}}\n\n{{input.entity.Tamanho.value}}"},"editable":true,"deletable":true,"position":"left"}},"$invalid":false,"$$hashKey":"object:9894"},{"input":{"bypass":false,"$cardContent":{"document":{"id":"a967d1e6-d10f-4333-9bb8-098105a3532a","type":"text/plain","textContent":"Entrada do usuário","content":"Entrada do usuário"},"editable":false,"deletable":true,"position":"right"},"$invalid":false},"$$hashKey":"object:2836","$invalid":false}],"$conditionOutputs":[],"$enteringCustomActions":[],"$leavingCustomActions":[],"$inputSuggestions":[],"$tags":[],"$defaultOutput":{"stateId":"fallback","$invalid":false},"id":"c8b36661-bf34-4f71-92d7-eab76a84a804","root":false,"$title":"Política de troca","$position":{"top":"274px","left":"961px"},"$invalidContentActions":false,"$invalidOutputs":false,"$invalidCustomActions":false,"$invalid":false},"e59dc865-a76d-463b-a1ef-706ced2d6476":{"$contentActions":[{"action":{"type":"SendMessage","settings":{"id":"e5b8ece6-d2c6-4dcf-8e86-ab8f1a8fce84","type":"application/vnd.lime.chatstate+json","content":{"state":"composing","interval":1000}},"$cardContent":{"document":{"id":"e5b8ece6-d2c6-4dcf-8e86-ab8f1a8fce84","type":"application/vnd.lime.chatstate+json","content":{"state":"composing","interval":1000}},"editable":true,"deletable":true,"position":"left"}},"$invalid":false,"$$hashKey":"object:8963"},{"action":{"type":"SendMessage","settings":{"id":"53562b70-8fbe-4101-ab2f-cec0bb4b0563","type":"text/plain","content":"Excelente notícia, temos uma promoção imperdível!!!"},"$cardContent":{"document":{"id":"53562b70-8fbe-4101-ab2f-cec0bb4b0563","type":"text/plain","content":"Excelente notícia, temos uma promoção imperdível!!!"},"editable":true,"deletable":true,"position":"left"}},"$invalid":false,"$$hashKey":"object:8964"},{"action":{"type":"SendMessage","settings":{"id":"28508daf-7f7c-46dd-845c-fbf98ea43681","type":"application/vnd.lime.chatstate+json","content":{"state":"composing","interval":1000}},"$cardContent":{"document":{"id":"28508daf-7f7c-46dd-845c-fbf98ea43681","type":"application/vnd.lime.chatstate+json","content":{"state":"composing","interval":1000}},"editable":true,"deletable":true,"position":"left"}},"$invalid":false,"$$hashKey":"object:9324"},{"action":{"type":"SendMessage","settings":{"id":"712c9f10-8337-4b8e-9a12-9a4b83ded508","type":"text/plain","content":"Na compra de 3 camisas você tem 50% desconto na peça mais cara! Basta utilizar o código abaixo:"},"$cardContent":{"document":{"id":"712c9f10-8337-4b8e-9a12-9a4b83ded508","type":"text/plain","content":"Na compra de 3 camisas você tem 50% desconto na peça mais cara! Basta utilizar o código abaixo:"},"editable":true,"deletable":true,"position":"left"}},"$invalid":false,"$$hashKey":"object:9325"},{"action":{"type":"SendMessage","settings":{"id":"f779eed9-dccd-4a82-88a0-c3e7cedd5d6b","type":"application/vnd.lime.chatstate+json","content":{"state":"composing","interval":1000}},"$cardContent":{"document":{"id":"f779eed9-dccd-4a82-88a0-c3e7cedd5d6b","type":"application/vnd.lime.chatstate+json","content":{"state":"composing","interval":1000}},"editable":true,"deletable":true,"position":"left"}},"$invalid":false,"$$hashKey":"object:9907"},{"action":{"type":"SendMessage","settings":{"id":"34a457a1-fcf8-42d3-9c21-b7771cd11193","type":"text/plain","content":"#QUEROPAGARPOUCO"},"$cardContent":{"document":{"id":"34a457a1-fcf8-42d3-9c21-b7771cd11193","type":"text/plain","content":"#QUEROPAGARPOUCO"},"editable":true,"deletable":true,"position":"left"}},"$invalid":false,"$$hashKey":"object:9908"},{"input":{"bypass":false,"$cardContent":{"document":{"id":"74ea9c03-7bf1-48f5-9d34-3308cef63228","type":"text/plain","textContent":"Entrada do usuário","content":"Entrada do usuário"},"editable":false,"deletable":true,"position":"right"},"$invalid":false},"$$hashKey":"object:3218","$invalid":false}],"$conditionOutputs":[],"$enteringCustomActions":[],"$leavingCustomActions":[],"$inputSuggestions":[],"$tags":[],"$defaultOutput":{"stateId":"fallback","$invalid":false},"id":"e59dc865-a76d-463b-a1ef-706ced2d6476","root":false,"$title":"Promoções","$position":{"top":"258px","left":"656px"},"$invalidContentActions":false,"$invalidOutputs":false,"$invalidCustomActions":false,"$invalid":false},"2d9295c9-d4bc-4d81-a7c2-f92cbc21478a":{"$contentActions":[{"action":{"type":"SendMessage","settings":{"id":"8d39e910-79f0-4249-9511-98e9ce9a856a","type":"application/vnd.lime.chatstate+json","content":{"state":"composing","interval":1000}},"$cardContent":{"document":{"id":"8d39e910-79f0-4249-9511-98e9ce9a856a","type":"application/vnd.lime.chatstate+json","content":{"state":"composing","interval":1000}},"editable":true,"deletable":true,"position":"left"}},"$invalid":false,"$$hashKey":"object:16009"},{"action":{"type":"SendMessage","settings":{"id":"2411a4f0-4cdc-407a-bc16-78134d7a92fd","type":"text/plain","content":"Sou seu assistente pessoal para a Loja Virtual. Posso te ajudar a encontrar diversas informações."},"$cardContent":{"document":{"id":"2411a4f0-4cdc-407a-bc16-78134d7a92fd","type":"text/plain","content":"Sou seu assistente pessoal para a Loja Virtual. Posso te ajudar a encontrar diversas informações."},"editable":true,"deletable":true,"position":"left"}},"$invalid":false,"$$hashKey":"object:16010"},{"action":{"type":"SendMessage","settings":{"id":"5f5d5848-779f-41b9-8a0d-eaaf784f4c07","type":"application/vnd.lime.chatstate+json","content":{"state":"composing","interval":1000}},"$cardContent":{"document":{"id":"5f5d5848-779f-41b9-8a0d-eaaf784f4c07","type":"application/vnd.lime.chatstate+json","content":{"state":"composing","interval":1000}},"editable":true,"deletable":true,"position":"left"}},"$invalid":false,"$$hashKey":"object:17166"},{"action":{"type":"SendMessage","settings":{"id":"e504f8d0-9139-4800-ac67-7a7ff0429b08","type":"application/vnd.lime.select+json","content":{"text":"O que deseja?","scope":"immediate","options":[{"text":"Ver promoções","previewText":"Ver promoções","value":null,"index":0,"type":null},{"text":"Política de trocas","previewText":"Política de trocas","value":null,"index":1,"type":null},{"index":-1,"text":"Coleção atual","previewText":"Coleção atual","type":null,"value":null},{"index":-1,"text":"Endereço da loja","previewText":"Endereço da loja","type":null,"value":null}]}},"$cardContent":{"document":{"id":"e504f8d0-9139-4800-ac67-7a7ff0429b08","type":"application/vnd.lime.select+json","content":{"text":"O que deseja?","scope":"immediate","options":[{"text":"Ver promoções","previewText":"Ver promoções","value":null,"index":0,"type":null},{"text":"Política de trocas","previewText":"Política de trocas","value":null,"index":1,"type":null},{"index":-1,"text":"Coleção atual","previewText":"Coleção atual","type":null,"value":null},{"index":-1,"text":"Endereço da loja","previewText":"Endereço da loja","type":null,"value":null}]}},"editable":true,"deletable":true,"position":"left"}},"$invalid":false,"$$hashKey":"object:17167"},{"input":{"bypass":false,"$cardContent":{"document":{"id":"73d3029d-9103-4602-9550-3c1aaf5f6c2e","type":"text/plain","textContent":"Entrada do usuário","content":"Entrada do usuário"},"editable":false,"deletable":true,"position":"right"},"$invalid":false},"$$hashKey":"object:3600","$invalid":false}],"$conditionOutputs":[],"$enteringCustomActions":[],"$leavingCustomActions":[],"$inputSuggestions":["Ver promoções","Política de trocas","Coleção atual","Endereço da loja"],"$tags":[],"$defaultOutput":{"stateId":"fallback","$invalid":false},"id":"2d9295c9-d4bc-4d81-a7c2-f92cbc21478a","root":false,"$title":"Pedir ajuda","$position":{"top":"523px","left":"427px"},"$invalidContentActions":false,"$invalidOutputs":false,"$invalidCustomActions":false,"$invalid":false},"10727087-422e-4a09-8fbf-2d201f7c94dd":{"$contentActions":[{"action":{"type":"SendMessage","settings":{"id":"7af97156-4041-4ea2-b9fa-0a1d48a98db7","type":"application/vnd.lime.chatstate+json","content":{"state":"composing","interval":1000}},"$cardContent":{"document":{"id":"7af97156-4041-4ea2-b9fa-0a1d48a98db7","type":"application/vnd.lime.chatstate+json","content":{"state":"composing","interval":1000}},"editable":true,"deletable":true,"position":"left"}},"$invalid":false,"$$hashKey":"object:4652"},{"action":{"type":"SendMessage","settings":{"id":"2103b811-e2fe-44c1-87f4-18a2273df50d","type":"text/plain","content":"Me diga como podemos melhorar:"},"$cardContent":{"document":{"id":"2103b811-e2fe-44c1-87f4-18a2273df50d","type":"text/plain","content":"Me diga como podemos melhorar:"},"editable":true,"deletable":true,"position":"left"}},"$invalid":false,"$$hashKey":"object:4653"},{"input":{"bypass":false,"$cardContent":{"document":{"id":"3caf28f0-b1f1-4eff-98d9-fb601888949a","type":"text/plain","textContent":"Entrada do usuário","content":"Entrada do usuário"},"editable":false,"deletable":true,"position":"right"},"$invalid":false},"$$hashKey":"object:3982","$invalid":false}],"$conditionOutputs":[{"stateId":"c6131b29-80d6-45c2-92f7-dd645f17cc0d","$connId":"con_43","conditions":[{"source":"input","comparison":"exists","values":[],"$$hashKey":"object:4563"}],"$invalid":false,"$$hashKey":"object:4544"}],"$enteringCustomActions":[],"$leavingCustomActions":[],"$inputSuggestions":[],"$tags":[],"$defaultOutput":{"stateId":"fallback","$invalid":false},"id":"10727087-422e-4a09-8fbf-2d201f7c94dd","root":false,"$title":"Reclamação","$position":{"top":"256px","left":"426px"},"$invalidContentActions":false,"$invalidOutputs":false,"$invalidCustomActions":false,"$invalid":false},"ffca7474-ccb3-4fda-928f-ceddfdbee4ab":{"$contentActions":[{"action":{"type":"SendMessage","settings":{"id":"1615daf9-38ac-4dca-ad1d-3fb0eacbe6ee","type":"application/vnd.lime.chatstate+json","content":{"state":"composing","interval":1000}},"$cardContent":{"document":{"id":"1615daf9-38ac-4dca-ad1d-3fb0eacbe6ee","type":"application/vnd.lime.chatstate+json","content":{"state":"composing","interval":1000}},"editable":true,"deletable":true,"position":"left"}},"$invalid":false,"$$hashKey":"object:6763"},{"action":{"type":"SendMessage","settings":{"id":"5a3e1c90-9df5-4cd5-b383-b40ecea06a02","type":"text/plain","content":"Veja nossa coleção:"},"$cardContent":{"document":{"id":"5a3e1c90-9df5-4cd5-b383-b40ecea06a02","type":"text/plain","content":"Veja nossa coleção:"},"editable":true,"deletable":true,"position":"left"}},"$invalid":false,"$$hashKey":"object:6764"},{"action":{"type":"SendMessage","settings":{"id":"b03e8773-6a10-4408-a8a9-ba14286b93f7","type":"application/vnd.lime.chatstate+json","content":{"state":"composing","interval":1000}},"$cardContent":{"document":{"id":"b03e8773-6a10-4408-a8a9-ba14286b93f7","type":"application/vnd.lime.chatstate+json","content":{"state":"composing","interval":1000}},"editable":true,"deletable":true,"position":"left"}},"$invalid":false,"$$hashKey":"object:6402"},{"action":{"type":"SendMessage","settings":{"id":"8fd2f1f9-011a-480b-a4a2-e43e61aa61b8","type":"application/vnd.lime.collection+json","content":{"itemType":"application/vnd.lime.document-select+json","items":[{"header":{"type":"application/vnd.lime.media-link+json","value":{"title":"Camisa Vermelha","text":"100% algodão","type":"image/png","uri":"https://i.imgur.com/OL4X7uI.png","aspectRatio":"1:1"}},"options":[{"label":{"type":"application/vnd.lime.web-link+json","value":{"text":"Ver no site","uri":"https://www.loja1.liveecommerce.com.br/produto/2609-camiseta-calvin-klein-logo-off","target":"selfTall","title":"Ver no site"}},"value":null}],"id":0,"editing":false},{"header":{"type":"application/vnd.lime.media-link+json","value":{"title":"Camiseta Amarela","text":"Modelo Masculino","type":"image/png","uri":"https://i.imgur.com/6w5TpS4.png","aspectRatio":"1:1"}},"options":[{"label":{"type":"application/vnd.lime.web-link+json","value":{"title":"Ver no site","text":"Ver no site","uri":"https://www.loja1.liveecommerce.com.br/produto/2609-camiseta-calvin-klein-logo-off","target":"selfTall"}},"value":null}],"id":1,"editing":false}]}},"$cardContent":{"document":{"id":"8fd2f1f9-011a-480b-a4a2-e43e61aa61b8","type":"application/vnd.lime.collection+json","content":{"itemType":"application/vnd.lime.document-select+json","items":[{"header":{"type":"application/vnd.lime.media-link+json","value":{"title":"Camisa Vermelha","text":"100% algodão","type":"image/png","uri":"https://i.imgur.com/OL4X7uI.png","aspectRatio":"1:1"}},"options":[{"label":{"type":"application/vnd.lime.web-link+json","value":{"text":"Ver no site","uri":"https://www.loja1.liveecommerce.com.br/produto/2609-camiseta-calvin-klein-logo-off","target":"selfTall","title":"Ver no site"}},"value":null}],"id":0,"editing":false},{"header":{"type":"application/vnd.lime.media-link+json","value":{"title":"Camiseta Amarela","text":"Modelo Masculino","type":"image/png","uri":"https://i.imgur.com/6w5TpS4.png","aspectRatio":"1:1"}},"options":[{"label":{"type":"application/vnd.lime.web-link+json","value":{"title":"Ver no site","text":"Ver no site","uri":"https://www.loja1.liveecommerce.com.br/produto/2609-camiseta-calvin-klein-logo-off","target":"selfTall"}},"value":null}],"id":1,"editing":false}]}},"editable":true,"deletable":true,"position":"left"}},"$invalid":false,"$$hashKey":"object:6403"},{"input":{"bypass":false,"$cardContent":{"document":{"id":"bc18d991-baba-4132-83a7-f542b0579d40","type":"text/plain","textContent":"Entrada do usuário","content":"Entrada do usuário"},"editable":false,"deletable":true,"position":"right"},"$invalid":false},"$$hashKey":"object:4364","$invalid":false}],"$conditionOutputs":[],"$enteringCustomActions":[],"$leavingCustomActions":[],"$inputSuggestions":["First option"],"$tags":[],"$defaultOutput":{"stateId":"fallback","$invalid":false},"id":"ffca7474-ccb3-4fda-928f-ceddfdbee4ab","root":false,"$title":"Coleções","$position":{"top":"393px","left":"427px"},"$invalidContentActions":false,"$invalidOutputs":false,"$invalidCustomActions":false,"$invalid":false},"c6131b29-80d6-45c2-92f7-dd645f17cc0d":{"$contentActions":[{"action":{"type":"SendMessage","settings":{"id":"d1a00d39-bad2-486e-8a43-1dd7d54d1bbf","type":"application/vnd.lime.chatstate+json","content":{"state":"composing","interval":1000}},"$cardContent":{"document":{"id":"d1a00d39-bad2-486e-8a43-1dd7d54d1bbf","type":"application/vnd.lime.chatstate+json","content":{"state":"composing","interval":1000}},"editable":true,"deletable":true,"position":"left"}},"$invalid":false,"$$hashKey":"object:5529"},{"action":{"type":"SendMessage","settings":{"id":"04d4de75-e67d-4a3e-abeb-5f3fa7f73cd7","type":"text/plain","content":"Ok, anotei seu reclamação!"},"$cardContent":{"document":{"id":"04d4de75-e67d-4a3e-abeb-5f3fa7f73cd7","type":"text/plain","content":"Ok, anotei seu reclamação!"},"editable":true,"deletable":true,"position":"left"}},"$invalid":false,"$$hashKey":"object:5530"},{"action":{"type":"SendMessage","settings":{"id":"2ad2f4b5-05be-4d28-bc9f-d95acc15e011","type":"application/vnd.lime.chatstate+json","content":{"state":"composing","interval":1000}},"$cardContent":{"document":{"id":"2ad2f4b5-05be-4d28-bc9f-d95acc15e011","type":"application/vnd.lime.chatstate+json","content":{"state":"composing","interval":1000}},"editable":true,"deletable":true,"position":"left"}},"$invalid":false,"$$hashKey":"object:5890"},{"action":{"type":"SendMessage","settings":{"id":"e929f0db-6046-490d-99af-5e4711fd8819","type":"text/plain","content":"Como posso te ajudar agora?"},"$cardContent":{"document":{"id":"e929f0db-6046-490d-99af-5e4711fd8819","type":"text/plain","content":"Como posso te ajudar agora?"},"editable":true,"deletable":true,"position":"left"}},"$invalid":false,"$$hashKey":"object:5891"},{"input":{"bypass":false,"$cardContent":{"document":{"id":"c3925447-a467-44d6-becf-fd7e08bdcb26","type":"text/plain","textContent":"Entrada do usuário","content":"x"},"editable":false,"deletable":true,"position":"right"},"$invalid":false,"variable":"x"},"$$hashKey":"object:4737","$invalid":false}],"$conditionOutputs":[],"$enteringCustomActions":[],"$leavingCustomActions":[],"$inputSuggestions":[],"$tags":[],"$defaultOutput":{"stateId":"fallback","$invalid":false},"id":"c6131b29-80d6-45c2-92f7-dd645f17cc0d","root":false,"$title":"Fim da reclamação","$position":{"top":"256px","left":"210px"},"$invalidContentActions":false,"$invalidOutputs":false,"$invalidCustomActions":false,"$invalid":false}}